,student_id,age,gender,study_hours_per_day,social_media_hours
0,S1000,23,Female,0.0,1.2
1,S1001,20,Female,6.9,2.8
2,S1002,21,Male,1.4,3.1
3,S1003,23,Female,1.0,3.9
4,S1004,19,Female,5.0,4.4
5,S1005,24,Male,7.2,1.3
6,S1006,21,Female,5.6,1.5
7,S1007,21,Female,4.3,1.0
8,S1008,23,Female,4.4,2.2
9,S1009,18,Female,4.8,3.1
10,S1010,19,Female,4.6,3.7
11,S1011,23,Male,3.9,2.4
12,S1012,19,Female,3.7,2.1
13,S1013,19,Female,3.4,2.7
14,S1014,24,Male,2.4,1.5
15,S1015,21,Male,3.1,5.0
16,S1016,20,Male,1.0,0.6
17,S1017,24,Female,3.4,2.7
18,S1018,24,Other,2.0,4.9
19,S1019,19,Male,1.8,2.5
20,S1020,22,Female,3.8,2.3
21,S1021,21,Male,5.6,2.1
22,S1022,18,Other,4.9,2.3
23,S1023,24,Female,1.1,4.1
24,S1024,20,Female,2.0,0.0
25,S1025,22,Male,4.9,4.3
26,S1026,22,Male,2.0,0.8
27,S1027,18,Male,3.2,2.2
28,S1028,24,Male,4.3,2.0
29,S1029,20,Female,2.0,3.2
30,S1030,21,Female,3.7,0.6
31,S1031,17,Other,1.5,3.1
32,S1032,20,Other,2.6,4.9
33,S1033,18,Female,4.0,0.9
34,S1034,22,Female,1.1,2.7
35,S1035,21,Female,4.2,1.7
36,S1036,20,Female,3.5,3.0
37,S1037,17,Male,4.3,2.5
38,S1038,17,Male,3.8,1.7
39,S1039,19,Male,5.5,3.1
40,S1040,19,Female,3.7,4.7
41,S1041,23,Female,2.9,2.3
42,S1042,18,Male,3.7,3.4
43,S1043,24,Female,4.3,0.9
44,S1044,20,Female,3.6,1.4
45,S1045,20,Male,3.6,3.1
46,S1046,24,Male,2.4,4.3
47,S1047,23,Female,2.5,2.9
48,S1048,22,Female,1.4,2.1
49,S1049,22,Female,6.1,2.5
50,S1050,23,Female,1.6,1.0
51,S1051,22,Female,2.5,3.2
52,S1052,19,Female,2.4,3.6
53,S1053,20,Female,4.8,2.0
54,S1054,23,Female,3.1,1.9
55,S1055,20,Male,5.4,2.8
56,S1056,24,Male,2.5,2.0
57,S1057,17,Male,3.9,2.4
58,S1058,19,Female,2.2,5.0
59,S1059,21,Female,6.7,2.2
60,S1060,19,Female,1.7,2.1
61,S1061,23,Male,4.0,1.7
62,S1062,21,Male,4.5,3.4
63,S1063,17,Male,4.1,2.3
64,S1064,23,Male,3.2,1.7
65,S1065,18,Female,3.3,4.1
66,S1066,20,Male,3.6,4.2
67,S1067,17,Male,3.3,1.8
68,S1068,20,Female,4.9,0.3
69,S1069,22,Male,6.8,3.7
70,S1070,18,Female,2.7,1.7
71,S1071,18,Female,1.4,3.4
72,S1072,17,Male,3.4,0.1
73,S1073,18,Female,7.4,3.6
74,S1074,21,Female,2.3,1.0
75,S1075,18,Female,6.0,3.4
76,S1076,20,Male,6.0,2.5
77,S1077,20,Female,2.7,1.4
78,S1078,23,Female,4.4,2.0
79,S1079,20,Male,5.9,3.3
80,S1080,23,Male,2.9,2.6
81,S1081,20,Other,3.2,3.2
82,S1082,21,Female,2.6,4.9
83,S1083,24,Male,2.0,0.6
84,S1084,23,Female,2.5,4.4
85,S1085,19,Male,1.7,2.6
86,S1086,22,Male,3.6,1.4
87,S1087,17,Male,2.3,0.9
88,S1088,20,Male,3.9,2.3
89,S1089,18,Male,1.2,3.6
90,S1090,24,Male,4.0,2.3
91,S1091,20,Female,4.8,4.3
92,S1092,18,Male,0.5,0.8
93,S1093,22,Male,4.1,2.5
94,S1094,22,Female,5.3,1.0
95,S1095,22,Male,1.7,2.9
96,S1096,18,Female,6.0,3.6
97,S1097,20,Male,4.1,2.0
98,S1098,22,Male,2.4,0.0
99,S1099,21,Male,3.4,2.7
100,S1100,23,Male,4.3,3.0
101,S1101,18,Male,3.6,3.0
102,S1102,18,Male,4.3,4.0
103,S1103,20,Male,2.1,1.2
104,S1104,18,Male,3.8,3.3
105,S1105,18,Male,1.4,3.9
106,S1106,22,Male,3.3,0.4
107,S1107,20,Male,2.1,2.9
108,S1108,22,Female,2.4,1.9
109,S1109,23,Female,5.4,2.4
110,S1110,24,Male,5.1,2.9
111,S1111,23,Female,4.4,1.9
112,S1112,24,Female,1.9,1.7
113,S1113,22,Male,3.0,2.5
114,S1114,23,Female,5.3,1.2
115,S1115,20,Female,3.7,1.2
116,S1116,17,Male,7.0,3.3
117,S1117,22,Male,4.1,1.1
118,S1118,24,Female,3.8,3.3
119,S1119,21,Female,3.0,3.1
120,S1120,24,Male,3.7,0.4
121,S1121,21,Male,3.3,1.7
122,S1122,18,Male,4.6,3.9
123,S1123,23,Female,4.9,1.3
124,S1124,21,Female,2.3,1.9
125,S1125,24,Male,1.5,3.1
126,S1126,18,Male,0.7,3.4
127,S1127,17,Female,4.3,2.2
128,S1128,20,Male,1.8,1.8
129,S1129,20,Male,0.3,4.2
130,S1130,20,Female,4.1,4.6
131,S1131,21,Female,7.2,3.7
132,S1132,17,Female,3.5,2.6
133,S1133,21,Female,4.8,1.5
134,S1134,23,Male,3.6,1.5
135,S1135,21,Male,3.4,3.1
136,S1136,17,Female,4.9,3.0
137,S1137,17,Male,3.1,4.2
138,S1138,23,Male,3.9,3.3
139,S1139,17,Male,4.0,0.7
140,S1140,24,Male,2.5,3.8
141,S1141,17,Male,5.0,1.3
142,S1142,20,Male,3.2,2.0
143,S1143,24,Male,2.4,2.8
144,S1144,24,Male,4.3,4.9
145,S1145,23,Female,2.2,6.2
146,S1146,19,Female,3.5,3.2
147,S1147,19,Female,3.5,2.3
148,S1148,17,Female,5.1,3.1
149,S1149,24,Female,4.2,3.6
150,S1150,19,Male,3.5,2.1
151,S1151,19,Female,4.7,4.7
152,S1152,17,Female,5.6,2.8
153,S1153,19,Female,4.3,3.1
154,S1154,21,Male,3.5,3.3
155,S1155,18,Male,1.5,3.0
156,S1156,23,Male,1.9,3.5
157,S1157,18,Male,3.0,1.8
158,S1158,17,Female,2.6,1.8
159,S1159,20,Female,3.2,1.2
160,S1160,23,Male,3.6,3.0
161,S1161,17,Other,4.3,3.4
162,S1162,24,Female,3.4,3.0
163,S1163,20,Male,4.2,4.5
164,S1164,18,Male,3.6,2.5
165,S1165,17,Male,0.5,3.3
166,S1166,24,Male,2.1,1.2
167,S1167,23,Male,3.3,2.0
168,S1168,23,Male,1.7,3.3
169,S1169,22,Male,4.4,3.5
170,S1170,24,Male,5.8,2.1
171,S1171,21,Female,5.3,2.4
172,S1172,19,Male,3.2,0.7
173,S1173,20,Female,5.7,2.1
174,S1174,24,Male,3.7,3.6
175,S1175,22,Other,3.0,3.2
176,S1176,19,Male,2.6,3.1
177,S1177,19,Male,3.0,2.6
178,S1178,17,Other,2.9,2.5
179,S1179,19,Female,3.8,1.7
180,S1180,21,Female,3.7,3.3
181,S1181,23,Male,3.5,3.0
182,S1182,22,Male,4.2,3.1
183,S1183,19,Female,5.3,1.9
184,S1184,17,Female,4.9,0.0
185,S1185,21,Female,1.3,3.8
186,S1186,18,Female,0.0,1.9
187,S1187,23,Male,4.9,1.5
188,S1188,23,Female,1.4,3.3
189,S1189,22,Male,3.2,2.0
190,S1190,23,Male,1.7,3.8
191,S1191,19,Male,0.8,3.2
192,S1192,17,Female,4.3,3.3
193,S1193,23,Male,4.6,0.9
194,S1194,23,Male,2.6,4.0
195,S1195,18,Female,0.0,2.8
196,S1196,18,Male,2.7,2.1
197,S1197,20,Female,4.1,2.7
198,S1198,21,Male,1.3,0.4
199,S1199,19,Female,3.8,3.0
200,S1200,23,Female,3.5,1.3
201,S1201,24,Male,4.4,0.9
202,S1202,23,Male,3.7,0.7
203,S1203,17,Male,2.0,3.8
204,S1204,20,Male,5.3,1.7
205,S1205,21,Other,3.3,4.3
206,S1206,24,Male,3.5,1.9
207,S1207,20,Female,2.1,0.5
208,S1208,22,Male,2.8,1.2
209,S1209,21,Female,2.2,4.0
210,S1210,23,Female,3.2,2.3
211,S1211,23,Female,6.1,1.8
212,S1212,21,Male,1.4,2.7
213,S1213,23,Male,1.1,3.1
214,S1214,19,Male,5.7,3.8
215,S1215,21,Female,3.2,4.2
216,S1216,20,Female,2.5,2.1
217,S1217,21,Other,5.1,0.9
218,S1218,24,Male,2.6,2.0
219,S1219,23,Female,6.2,2.8
220,S1220,19,Female,4.5,1.3
221,S1221,19,Male,2.8,1.4
222,S1222,22,Male,6.7,2.9
223,S1223,20,Female,2.6,2.4
224,S1224,18,Female,4.6,2.5
225,S1225,18,Female,3.9,1.6
226,S1226,21,Male,5.5,2.2
227,S1227,22,Female,5.8,1.4
228,S1228,17,Male,3.5,3.6
229,S1229,21,Male,2.4,3.7
230,S1230,22,Male,4.2,0.3
231,S1231,20,Female,2.5,1.4
232,S1232,20,Female,6.5,0.7
233,S1233,20,Female,3.7,1.7
234,S1234,20,Male,3.0,2.4
235,S1235,20,Female,3.8,0.8
236,S1236,22,Male,1.5,1.4
237,S1237,22,Female,2.0,1.3
238,S1238,19,Male,5.3,2.7
239,S1239,24,Male,2.5,2.6
240,S1240,18,Male,1.9,1.6
241,S1241,23,Male,4.3,2.7
242,S1242,20,Female,5.3,1.8
243,S1243,17,Female,4.6,2.2
244,S1244,23,Male,5.0,4.5
245,S1245,22,Female,2.4,4.1
246,S1246,17,Male,1.4,0.9
247,S1247,17,Female,5.8,3.5
248,S1248,17,Female,3.0,3.5
249,S1249,19,Female,3.1,1.1
250,S1250,22,Male,5.5,3.5
251,S1251,17,Female,4.3,4.3
252,S1252,20,Female,4.2,1.2
253,S1253,21,Male,6.7,1.4
254,S1254,17,Male,2.5,3.7
255,S1255,19,Female,4.9,2.8
256,S1256,23,Female,3.6,3.2
257,S1257,22,Female,3.9,2.9
258,S1258,24,Female,5.8,3.0
259,S1259,19,Female,4.3,0.9
260,S1260,17,Male,4.3,3.8
261,S1261,22,Male,5.1,3.9
262,S1262,21,Male,3.0,2.2
263,S1263,17,Female,2.2,2.4
264,S1264,19,Male,1.9,0.7
265,S1265,18,Female,0.6,3.1
266,S1266,20,Female,6.6,3.2
267,S1267,24,Female,1.8,2.4
268,S1268,23,Male,3.2,3.8
269,S1269,19,Female,3.1,2.1
270,S1270,22,Male,4.0,3.2
271,S1271,24,Female,4.7,1.3
272,S1272,24,Male,4.8,2.5
273,S1273,24,Male,2.6,2.3
274,S1274,17,Female,3.2,2.8
275,S1275,20,Male,3.9,2.1
276,S1276,17,Male,3.1,2.3
277,S1277,22,Female,5.9,3.5
278,S1278,17,Female,4.2,2.0
279,S1279,18,Female,4.6,0.6
280,S1280,20,Female,4.5,4.6
281,S1281,20,Female,5.3,4.2
282,S1282,22,Male,3.8,0.9
283,S1283,23,Male,1.6,3.3
284,S1284,18,Male,4.1,1.9
285,S1285,19,Female,2.5,2.8
286,S1286,17,Female,2.7,2.9
287,S1287,21,Male,4.4,2.2
288,S1288,17,Male,5.4,1.6
289,S1289,24,Female,3.5,1.7
290,S1290,17,Male,4.0,1.4
291,S1291,19,Female,6.1,1.5
292,S1292,17,Female,3.9,2.4
293,S1293,18,Female,7.4,1.6
294,S1294,18,Male,4.3,3.3
295,S1295,20,Female,0.9,4.3
296,S1296,22,Female,4.6,1.8
297,S1297,23,Female,4.1,2.8
298,S1298,21,Female,5.4,3.1
299,S1299,24,Female,4.5,3.1
300,S1300,17,Female,3.3,2.6
301,S1301,17,Male,1.7,3.4
302,S1302,19,Female,3.2,3.1
303,S1303,22,Female,2.2,1.0
304,S1304,18,Male,2.6,3.5
305,S1305,21,Female,4.4,3.6
306,S1306,20,Female,6.0,1.6
307,S1307,18,Female,4.1,2.5
308,S1308,24,Male,1.7,3.3
309,S1309,22,Male,4.2,2.2
310,S1310,24,Other,5.3,3.8
311,S1311,23,Female,2.6,5.3
312,S1312,20,Male,3.3,1.6
313,S1313,23,Female,3.5,0.8
314,S1314,19,Female,2.3,2.9
315,S1315,24,Female,4.5,3.4
316,S1316,19,Female,3.3,2.2
317,S1317,17,Male,4.1,4.2
318,S1318,23,Male,2.2,0.9
319,S1319,22,Male,2.8,3.3
320,S1320,24,Female,4.6,1.8
321,S1321,21,Male,2.9,4.6
322,S1322,20,Male,6.1,4.9
323,S1323,18,Male,2.9,1.6
324,S1324,22,Female,3.8,1.8
325,S1325,22,Female,4.9,3.5
326,S1326,19,Male,1.4,2.0
327,S1327,23,Male,0.9,2.4
328,S1328,24,Female,1.2,2.5
329,S1329,24,Male,5.4,0.2
330,S1330,17,Male,2.7,2.5
331,S1331,17,Male,7.3,1.7
332,S1332,20,Male,2.7,1.9
333,S1333,19,Male,3.8,4.2
334,S1334,22,Female,5.8,1.0
335,S1335,24,Male,6.5,3.5
336,S1336,21,Female,6.6,2.2
337,S1337,19,Male,5.3,2.2
338,S1338,20,Female,5.0,3.4
339,S1339,20,Female,4.4,2.9
340,S1340,19,Male,4.7,3.2
341,S1341,20,Female,2.7,3.7
342,S1342,19,Male,2.3,2.1
343,S1343,18,Other,3.5,1.8
344,S1344,19,Male,3.2,1.2
345,S1345,23,Male,2.8,1.5
346,S1346,19,Male,4.5,6.0
347,S1347,20,Other,4.9,4.0
348,S1348,24,Female,3.6,0.9
349,S1349,23,Female,5.7,0.9
350,S1350,20,Male,1.8,3.1
351,S1351,17,Female,3.2,3.2
352,S1352,17,Male,2.4,3.2
353,S1353,24,Female,0.7,2.2
354,S1354,24,Male,3.4,2.3
355,S1355,23,Male,3.3,2.9
356,S1356,18,Male,5.8,2.6
357,S1357,24,Male,4.4,0.0
358,S1358,17,Female,2.0,2.2
359,S1359,19,Male,6.3,1.5
360,S1360,20,Female,5.3,2.7
361,S1361,17,Male,4.4,6.1
362,S1362,17,Female,3.2,2.9
363,S1363,18,Male,2.1,2.1
364,S1364,23,Male,2.9,3.6
365,S1365,23,Female,5.1,3.1
366,S1366,22,Male,6.3,3.0
367,S1367,18,Male,5.8,3.2
368,S1368,19,Female,2.8,5.0
369,S1369,23,Female,1.8,1.1
370,S1370,20,Male,3.7,3.1
371,S1371,24,Male,0.8,1.4
372,S1372,18,Female,4.0,3.2
373,S1373,24,Male,3.3,1.4
374,S1374,17,Male,2.8,2.0
375,S1375,20,Male,1.1,2.1
376,S1376,20,Female,4.3,3.7
377,S1377,17,Female,2.7,3.6
378,S1378,18,Male,1.7,1.0
379,S1379,17,Male,0.0,2.6
380,S1380,24,Male,3.5,1.6
381,S1381,22,Female,6.2,1.0
382,S1382,20,Male,6.0,2.2
383,S1383,21,Male,2.8,2.1
384,S1384,21,Female,2.6,5.4
385,S1385,24,Male,4.2,3.0
386,S1386,19,Female,2.0,0.8
387,S1387,23,Male,4.0,1.8
388,S1388,17,Male,4.6,3.7
389,S1389,17,Male,5.3,5.0
390,S1390,19,Female,3.3,0.6
391,S1391,19,Female,3.2,0.2
392,S1392,24,Female,2.2,4.7
393,S1393,24,Male,2.3,3.0
394,S1394,19,Female,3.2,1.5
395,S1395,20,Male,4.1,3.1
396,S1396,24,Male,4.9,0.0
397,S1397,22,Female,2.3,2.5
398,S1398,24,Male,5.7,2.9
399,S1399,17,Male,3.1,3.6
400,S1400,24,Male,3.5,1.3
401,S1401,20,Male,2.4,2.6
402,S1402,19,Male,0.0,1.4
403,S1403,17,Female,4.8,2.8
404,S1404,24,Male,4.6,1.4
405,S1405,20,Female,3.1,2.0
406,S1406,22,Female,3.6,1.3
407,S1407,24,Male,4.3,3.3
408,S1408,20,Male,1.2,3.5
409,S1409,22,Male,2.7,2.2
410,S1410,19,Female,4.7,2.5
411,S1411,24,Male,1.6,0.8
412,S1412,22,Female,3.9,2.1
413,S1413,17,Male,1.5,2.4
414,S1414,19,Female,4.2,5.6
415,S1415,17,Male,3.4,1.2
416,S1416,21,Male,1.1,4.3
417,S1417,18,Female,5.2,3.7
418,S1418,24,Female,2.4,2.8
419,S1419,22,Male,2.3,4.6
420,S1420,18,Female,3.8,2.9
421,S1421,18,Female,5.2,3.0
422,S1422,22,Female,2.0,2.4
423,S1423,19,Female,3.6,4.0
424,S1424,24,Male,4.1,3.8
425,S1425,21,Male,4.5,1.7
426,S1426,17,Male,3.8,0.9
427,S1427,20,Female,2.9,2.3
428,S1428,17,Female,2.3,1.5
429,S1429,20,Male,3.6,2.4
430,S1430,17,Male,1.9,4.0
431,S1431,22,Female,0.0,2.0
432,S1432,21,Other,4.2,2.4
433,S1433,24,Female,4.9,2.6
434,S1434,20,Male,0.0,3.5
435,S1435,24,Male,2.0,0.0
436,S1436,24,Male,4.4,1.8
437,S1437,24,Female,6.6,2.8
438,S1438,23,Male,3.5,3.9
439,S1439,19,Female,2.4,1.9
440,S1440,17,Male,3.2,0.2
441,S1441,24,Female,5.6,3.2
442,S1442,17,Female,2.5,1.7
443,S1443,24,Female,2.3,1.1
444,S1444,20,Male,2.8,1.8
445,S1445,19,Male,2.1,2.3
446,S1446,19,Male,3.7,1.8
447,S1447,22,Female,5.9,0.0
448,S1448,23,Female,4.0,3.6
449,S1449,22,Female,3.1,4.0
450,S1450,22,Female,3.1,3.3
451,S1451,22,Female,1.2,1.1
452,S1452,22,Male,4.8,2.3
453,S1453,22,Female,3.4,2.5
454,S1454,21,Male,3.2,3.2
455,S1455,19,Male,8.3,3.3
456,S1456,22,Female,3.9,1.6
457,S1457,24,Male,2.4,2.6
458,S1458,19,Male,2.9,3.0
459,S1459,19,Female,5.2,4.2
460,S1460,18,Male,3.7,3.3
461,S1461,21,Female,1.3,3.4
462,S1462,22,Male,4.9,2.6
463,S1463,17,Male,2.5,4.2
464,S1464,20,Male,6.3,3.0
465,S1465,23,Male,5.1,1.5
466,S1466,24,Female,2.8,4.2
467,S1467,17,Male,5.4,3.3
468,S1468,21,Female,3.6,2.0
469,S1469,20,Male,4.8,1.9
470,S1470,21,Female,4.2,2.9
471,S1471,24,Female,2.2,3.1
472,S1472,19,Female,2.5,2.7
473,S1473,20,Male,5.0,2.9
474,S1474,19,Male,3.0,4.5
475,S1475,24,Male,2.9,3.8
476,S1476,17,Female,2.1,2.7
477,S1477,24,Male,4.1,3.6
478,S1478,17,Female,6.6,1.3
479,S1479,20,Female,1.9,3.0
480,S1480,20,Male,3.5,4.7
481,S1481,22,Female,5.6,2.2
482,S1482,21,Male,3.4,1.5
483,S1483,22,Male,4.2,1.7
484,S1484,21,Female,1.9,1.2
485,S1485,22,Female,4.1,1.6
486,S1486,19,Female,3.2,2.1
487,S1487,20,Male,5.0,0.8
488,S1488,17,Male,5.3,2.5
489,S1489,21,Female,7.4,3.6
490,S1490,24,Female,4.4,1.4
491,S1491,21,Female,4.0,4.3
492,S1492,17,Male,3.8,3.1
493,S1493,22,Female,3.0,3.7
494,S1494,21,Male,4.0,1.7
495,S1495,23,Male,3.1,3.5
496,S1496,19,Female,3.8,1.2
497,S1497,20,Male,5.5,3.6
498,S1498,17,Female,2.0,2.7
499,S1499,20,Male,5.2,3.2
500,S1500,23,Male,5.5,1.1
501,S1501,21,Female,3.3,1.4
502,S1502,21,Female,0.3,3.2
503,S1503,24,Female,2.6,1.4
504,S1504,23,Female,5.4,3.1
505,S1505,17,Female,3.5,0.9
506,S1506,24,Female,2.0,3.5
507,S1507,19,Female,2.7,1.0
508,S1508,24,Male,4.8,3.2
509,S1509,18,Female,4.3,3.3
510,S1510,17,Male,3.1,1.7
511,S1511,18,Other,2.9,3.2
512,S1512,23,Female,2.9,2.8
513,S1513,22,Male,2.1,1.9
514,S1514,18,Female,5.9,1.3
515,S1515,19,Female,3.0,0.1
516,S1516,24,Male,5.3,2.9
517,S1517,22,Female,5.8,0.6
518,S1518,24,Female,5.0,2.6
519,S1519,18,Male,2.9,2.2
520,S1520,24,Female,4.1,3.3
521,S1521,23,Male,3.5,2.1
522,S1522,22,Female,2.1,2.1
523,S1523,23,Other,4.0,3.4
524,S1524,18,Female,1.7,2.9
525,S1525,23,Male,5.3,2.9
526,S1526,19,Female,2.8,3.1
527,S1527,18,Female,3.8,0.7
528,S1528,18,Male,3.9,3.4
529,S1529,18,Female,3.1,3.2
530,S1530,17,Male,4.4,1.3
531,S1531,24,Female,2.8,2.2
532,S1532,17,Male,4.8,2.5
533,S1533,17,Male,1.5,2.3
534,S1534,19,Male,3.7,2.9
535,S1535,22,Female,6.4,4.2
536,S1536,24,Male,2.0,3.8
537,S1537,23,Female,2.5,0.9
538,S1538,21,Male,4.3,3.2
539,S1539,18,Male,3.8,4.1
540,S1540,23,Female,4.0,3.0
541,S1541,18,Female,4.2,3.8
542,S1542,19,Male,4.5,4.9
543,S1543,18,Female,5.2,3.7
544,S1544,17,Female,4.1,2.8
545,S1545,24,Female,3.1,3.8
546,S1546,21,Male,4.5,2.7
547,S1547,20,Male,6.3,2.5
548,S1548,18,Female,3.3,2.1
549,S1549,23,Male,2.0,4.4
550,S1550,17,Female,5.2,1.5
551,S1551,20,Female,3.3,4.3
552,S1552,21,Female,0.2,3.1
553,S1553,20,Female,4.8,0.8
554,S1554,17,Other,2.7,2.9
555,S1555,24,Male,3.4,0.0
556,S1556,24,Female,4.0,3.3
557,S1557,22,Male,3.8,3.6
558,S1558,24,Male,4.6,1.8
559,S1559,22,Female,2.8,2.6
560,S1560,20,Female,4.3,4.8
561,S1561,19,Other,3.1,1.9
562,S1562,23,Female,4.6,1.2
563,S1563,23,Male,4.4,4.3
564,S1564,20,Male,2.1,4.9
565,S1565,18,Female,5.1,2.5
566,S1566,18,Male,2.7,3.7
567,S1567,24,Male,4.7,4.1
568,S1568,23,Male,4.1,1.6
569,S1569,23,Male,6.3,1.9
570,S1570,22,Male,3.2,4.0
571,S1571,19,Male,3.0,4.5
572,S1572,17,Male,3.5,3.2
573,S1573,18,Male,3.0,1.4
574,S1574,23,Other,4.7,4.9
575,S1575,22,Male,1.1,1.9
576,S1576,21,Male,1.9,2.1
577,S1577,22,Female,1.9,2.9
578,S1578,18,Male,4.9,4.4
579,S1579,18,Female,6.1,3.5
580,S1580,22,Female,3.3,3.0
581,S1581,17,Male,3.2,3.1
582,S1582,20,Male,3.6,2.6
583,S1583,18,Female,5.2,3.2
584,S1584,22,Female,2.1,0.0
585,S1585,23,Male,3.9,2.1
586,S1586,22,Female,5.0,2.8
587,S1587,19,Male,4.3,1.1
588,S1588,20,Other,3.8,3.0
589,S1589,21,Male,5.0,2.3
590,S1590,17,Female,0.0,4.6
591,S1591,24,Female,4.5,4.4
592,S1592,21,Female,2.5,1.9
593,S1593,20,Female,0.8,2.3
594,S1594,20,Male,4.3,2.4
595,S1595,20,Male,5.6,2.0
596,S1596,21,Male,3.3,2.7
597,S1597,23,Male,4.9,1.6
598,S1598,20,Female,5.9,1.1
599,S1599,22,Male,5.5,3.2
600,S1600,21,Male,6.0,3.3
601,S1601,24,Other,4.6,1.5
602,S1602,20,Female,3.6,3.6
603,S1603,22,Female,1.1,1.7
604,S1604,23,Other,3.1,2.8
605,S1605,19,Male,2.2,3.5
606,S1606,23,Male,6.8,2.5
607,S1607,24,Female,3.2,3.0
608,S1608,20,Female,3.7,1.9
609,S1609,24,Male,4.3,2.3
610,S1610,21,Female,3.6,2.3
611,S1611,18,Male,6.0,1.6
612,S1612,20,Male,2.6,2.3
613,S1613,18,Female,3.8,0.6
614,S1614,22,Female,2.4,1.9
615,S1615,19,Female,1.5,2.2
616,S1616,17,Male,2.6,2.2
617,S1617,24,Female,3.4,2.2
618,S1618,23,Male,2.9,2.4
619,S1619,19,Male,2.5,3.1
620,S1620,20,Female,1.4,3.5
621,S1621,18,Female,3.4,1.7
622,S1622,23,Female,1.2,1.1
623,S1623,18,Female,4.6,1.2
624,S1624,21,Female,3.6,1.9
625,S1625,18,Female,1.3,2.1
626,S1626,21,Male,3.0,1.6
627,S1627,22,Male,2.4,0.9
628,S1628,23,Male,4.0,2.0
629,S1629,23,Male,5.5,2.7
630,S1630,17,Female,0.7,3.2
631,S1631,20,Female,3.7,1.8
632,S1632,21,Male,3.3,2.0
633,S1633,17,Male,4.5,1.4
634,S1634,18,Female,3.8,2.5
635,S1635,18,Male,2.4,1.5
636,S1636,17,Female,3.0,3.2
637,S1637,23,Female,2.3,0.4
638,S1638,18,Female,5.1,2.1
639,S1639,24,Female,3.5,2.9
640,S1640,22,Female,6.4,2.7
641,S1641,22,Male,3.4,5.7
642,S1642,24,Female,2.4,2.9
643,S1643,17,Female,1.2,1.3
644,S1644,24,Male,0.8,2.4
645,S1645,21,Female,1.1,0.4
646,S1646,21,Female,3.9,2.4
647,S1647,17,Female,4.3,1.5
648,S1648,24,Female,1.1,3.6
649,S1649,21,Female,4.8,1.8
650,S1650,23,Female,2.8,2.4
651,S1651,24,Female,3.7,1.7
652,S1652,23,Female,5.9,4.6
653,S1653,21,Female,4.8,2.1
654,S1654,22,Female,3.1,4.7
655,S1655,21,Female,2.2,3.5
656,S1656,23,Male,0.3,3.1
657,S1657,19,Female,2.4,2.9
658,S1658,20,Female,3.2,3.0
659,S1659,18,Male,2.0,0.2
660,S1660,24,Female,3.3,2.2
661,S1661,19,Male,3.6,3.5
662,S1662,21,Male,3.2,2.4
663,S1663,22,Female,2.5,0.8
664,S1664,17,Male,3.8,2.4
665,S1665,21,Female,4.2,4.5
666,S1666,22,Female,1.9,4.0
667,S1667,20,Female,5.6,2.4
668,S1668,21,Male,3.4,3.6
669,S1669,23,Male,3.5,2.1
670,S1670,17,Female,4.6,0.5
671,S1671,22,Other,3.8,1.4
672,S1672,22,Female,4.9,4.4
673,S1673,22,Male,3.9,2.2
674,S1674,20,Female,2.6,2.2
675,S1675,21,Female,4.0,2.1
676,S1676,20,Female,1.8,4.8
677,S1677,24,Male,3.7,4.5
678,S1678,18,Female,3.5,5.2
679,S1679,18,Female,3.2,2.3
680,S1680,24,Other,3.3,2.9
681,S1681,21,Male,0.7,0.7
682,S1682,23,Female,2.7,4.3
683,S1683,20,Female,3.6,1.1
684,S1684,17,Male,3.7,2.8
685,S1685,22,Female,2.0,1.2
686,S1686,22,Female,5.4,1.8
687,S1687,21,Male,2.2,1.5
688,S1688,23,Male,5.0,1.8
689,S1689,18,Female,4.1,1.9
690,S1690,18,Male,2.5,1.8
691,S1691,22,Female,6.2,3.5
692,S1692,21,Male,1.7,1.2
693,S1693,20,Female,4.9,2.8
694,S1694,18,Male,5.0,4.0
695,S1695,20,Female,2.5,1.9
696,S1696,23,Other,5.6,1.6
697,S1697,18,Other,3.1,2.2
698,S1698,18,Female,3.9,3.9
699,S1699,19,Male,3.9,2.7
700,S1700,18,Female,3.3,1.9
701,S1701,24,Male,4.7,3.1
702,S1702,17,Male,4.7,1.2
703,S1703,24,Male,0.9,3.3
704,S1704,21,Female,5.5,3.0
705,S1705,21,Female,1.0,2.1
706,S1706,20,Female,5.0,1.5
707,S1707,24,Male,5.2,1.4
708,S1708,24,Male,1.9,3.1
709,S1709,24,Other,2.9,4.0
710,S1710,23,Male,1.8,1.7
711,S1711,18,Male,3.2,3.1
712,S1712,17,Male,3.0,0.0
713,S1713,20,Female,4.7,1.8
714,S1714,24,Female,5.5,2.5
715,S1715,24,Male,5.6,1.4
716,S1716,19,Male,2.7,1.4
717,S1717,20,Female,3.2,1.7
718,S1718,24,Female,1.0,2.9
719,S1719,20,Male,2.3,2.3
720,S1720,18,Female,4.9,0.0
721,S1721,19,Male,5.9,0.0
722,S1722,20,Male,1.6,1.8
723,S1723,17,Female,2.6,3.0
724,S1724,17,Male,3.5,0.0
725,S1725,21,Female,3.9,1.9
726,S1726,19,Male,2.3,1.9
727,S1727,19,Male,4.1,4.2
728,S1728,21,Other,2.8,2.0
729,S1729,20,Male,3.5,3.0
730,S1730,19,Female,4.3,2.7
731,S1731,17,Male,3.5,0.0
732,S1732,17,Male,2.8,3.4
733,S1733,24,Male,3.3,2.8
734,S1734,18,Female,3.4,3.1
735,S1735,19,Male,2.9,7.2
736,S1736,20,Female,3.1,0.0
737,S1737,21,Male,5.9,4.6
738,S1738,21,Other,4.3,2.2
739,S1739,20,Male,3.1,2.8
740,S1740,23,Female,4.5,2.4
741,S1741,22,Female,3.0,2.0
742,S1742,18,Female,5.3,1.8
743,S1743,21,Female,4.1,2.9
744,S1744,19,Female,3.3,0.7
745,S1745,18,Female,4.2,3.4
746,S1746,19,Male,1.1,2.0
747,S1747,23,Male,1.8,1.1
748,S1748,17,Female,1.7,2.0
749,S1749,18,Female,3.7,4.0
750,S1750,24,Female,6.1,1.9
751,S1751,21,Female,6.8,2.9
752,S1752,18,Male,4.5,1.6
753,S1753,18,Male,4.3,3.4
754,S1754,18,Female,0.8,3.3
755,S1755,22,Male,2.7,4.7
756,S1756,18,Male,2.3,2.3
757,S1757,19,Female,2.6,3.3
758,S1758,17,Male,3.2,2.6
759,S1759,23,Female,2.8,4.1
760,S1760,20,Male,0.5,1.6
761,S1761,18,Female,4.6,3.4
762,S1762,21,Male,1.9,2.3
763,S1763,18,Male,3.9,2.4
764,S1764,21,Male,6.6,2.6
765,S1765,19,Male,2.1,2.8
766,S1766,21,Male,0.0,2.4
767,S1767,24,Male,3.1,2.8
768,S1768,20,Female,5.2,4.4
769,S1769,17,Male,6.4,3.7
770,S1770,21,Female,1.7,3.5
771,S1771,21,Female,4.2,2.0
772,S1772,17,Female,2.8,1.4
773,S1773,20,Male,3.3,3.6
774,S1774,18,Female,7.5,3.6
775,S1775,21,Male,1.2,4.3
776,S1776,17,Male,3.9,1.8
777,S1777,24,Other,4.2,2.2
778,S1778,24,Male,5.1,0.5
779,S1779,19,Female,3.6,2.0
780,S1780,17,Female,4.0,3.7
781,S1781,19,Female,2.9,1.9
782,S1782,24,Female,3.9,3.3
783,S1783,20,Male,3.0,2.3
784,S1784,18,Male,4.4,2.9
785,S1785,17,Female,2.9,1.1
786,S1786,23,Male,4.1,2.6
787,S1787,24,Male,3.5,0.0
788,S1788,24,Male,5.2,2.3
789,S1789,23,Male,3.4,0.5
790,S1790,22,Male,0.8,3.9
791,S1791,24,Male,5.4,3.4
792,S1792,21,Female,2.1,3.1
793,S1793,20,Female,2.5,4.3
794,S1794,17,Female,2.6,1.4
795,S1795,23,Male,5.6,4.6
796,S1796,21,Male,0.3,3.6
797,S1797,23,Male,8.2,2.2
798,S1798,17,Female,5.1,3.9
799,S1799,19,Female,3.8,1.2
800,S1800,17,Male,3.4,1.5
801,S1801,22,Female,3.9,1.8
802,S1802,17,Male,4.3,1.9
803,S1803,17,Female,4.5,1.2
804,S1804,22,Female,4.3,4.0
805,S1805,20,Female,3.6,2.2
806,S1806,24,Female,3.2,2.9
807,S1807,17,Female,3.3,1.8
808,S1808,22,Male,3.2,0.3
809,S1809,21,Female,5.2,2.8
810,S1810,19,Male,4.4,0.2
811,S1811,19,Female,0.0,2.4
812,S1812,17,Female,4.5,0.9
813,S1813,20,Female,3.8,4.9
814,S1814,20,Male,3.5,3.6
815,S1815,21,Female,2.9,2.6
816,S1816,17,Female,5.2,4.0
817,S1817,19,Female,4.9,1.5
818,S1818,20,Male,2.3,3.2
819,S1819,17,Male,4.1,2.7
820,S1820,23,Male,2.0,2.8
821,S1821,20,Male,1.4,4.0
822,S1822,22,Female,2.6,3.4
823,S1823,23,Male,4.8,2.8
824,S1824,24,Other,4.9,0.5
825,S1825,20,Male,4.3,1.3
826,S1826,19,Male,4.6,2.4
827,S1827,18,Female,4.3,2.6
828,S1828,23,Female,2.5,1.1
829,S1829,24,Female,4.1,5.4
830,S1830,21,Female,4.7,4.3
831,S1831,21,Female,4.6,3.2
832,S1832,19,Male,5.3,2.6
833,S1833,20,Other,4.6,2.2
834,S1834,17,Other,4.0,1.4
835,S1835,20,Female,5.1,2.6
836,S1836,19,Male,3.5,2.8
837,S1837,21,Female,2.2,1.0
838,S1838,20,Male,3.3,2.9
839,S1839,21,Male,2.4,2.3
840,S1840,23,Male,2.5,0.2
841,S1841,24,Male,3.3,1.5
842,S1842,17,Female,2.3,2.0
843,S1843,23,Female,3.0,4.8
844,S1844,21,Female,0.7,3.2
845,S1845,21,Male,3.8,0.9
846,S1846,18,Male,3.5,3.1
847,S1847,18,Male,2.3,0.6
848,S1848,23,Other,4.5,3.8
849,S1849,22,Male,4.9,1.9
850,S1850,23,Female,1.1,2.4
851,S1851,18,Female,2.4,4.1
852,S1852,21,Male,2.3,1.0
853,S1853,19,Female,2.1,0.8
854,S1854,23,Female,4.7,1.8
855,S1855,21,Female,3.2,3.7
856,S1856,19,Female,3.1,0.7
857,S1857,19,Male,0.5,0.0
858,S1858,18,Male,4.5,2.0
859,S1859,23,Female,1.6,3.2
860,S1860,20,Female,3.6,3.9
861,S1861,17,Male,3.9,1.9
862,S1862,18,Female,5.5,2.0
863,S1863,18,Female,1.5,3.9
864,S1864,20,Female,0.0,0.3
865,S1865,17,Male,3.8,2.0
866,S1866,21,Female,6.2,2.7
867,S1867,22,Female,5.4,3.0
868,S1868,23,Male,3.8,1.9
869,S1869,22,Male,2.8,2.5
870,S1870,21,Other,4.7,0.0
871,S1871,24,Male,2.0,1.7
872,S1872,18,Female,4.2,3.0
873,S1873,17,Female,4.3,1.3
874,S1874,18,Male,5.1,2.6
875,S1875,19,Female,7.6,3.0
876,S1876,18,Male,4.1,2.1
877,S1877,18,Female,2.7,2.7
878,S1878,21,Male,3.5,1.3
879,S1879,21,Female,0.8,2.3
880,S1880,21,Male,2.5,3.2
881,S1881,22,Male,2.9,2.7
882,S1882,19,Other,2.7,1.8
883,S1883,24,Male,3.7,2.8
884,S1884,24,Female,2.3,3.4
885,S1885,21,Male,5.2,0.0
886,S1886,17,Female,3.5,3.9
887,S1887,22,Male,3.5,2.1
888,S1888,20,Other,3.0,3.0
889,S1889,17,Male,3.7,3.9
890,S1890,23,Male,4.7,0.9
891,S1891,23,Male,2.2,1.6
892,S1892,17,Male,2.5,2.2
893,S1893,21,Female,3.0,1.6
894,S1894,20,Male,1.5,4.6
895,S1895,20,Female,2.3,1.5
896,S1896,22,Male,2.8,1.8
897,S1897,20,Male,4.8,2.7
898,S1898,23,Female,3.9,1.1
899,S1899,19,Female,3.8,2.0
900,S1900,21,Male,4.8,2.9
901,S1901,20,Male,3.3,2.1
902,S1902,22,Male,4.1,2.4
903,S1903,23,Female,3.3,1.9
904,S1904,19,Female,3.9,0.7
905,S1905,18,Male,2.6,2.9
906,S1906,18,Female,0.0,4.6
907,S1907,19,Female,3.3,2.5
908,S1908,23,Female,5.6,2.8
909,S1909,22,Female,4.9,3.3
910,S1910,19,Male,4.9,1.0
911,S1911,21,Male,5.4,4.5
912,S1912,21,Male,3.6,2.7
913,S1913,18,Male,3.8,4.5
914,S1914,20,Female,2.6,1.6
915,S1915,22,Female,3.0,4.7
916,S1916,18,Male,4.4,3.4
917,S1917,20,Male,5.3,3.2
918,S1918,20,Male,3.3,2.8
919,S1919,24,Female,2.8,2.2
920,S1920,21,Male,3.5,3.9
921,S1921,23,Female,4.4,2.7
922,S1922,17,Male,1.3,0.1
923,S1923,23,Male,0.1,1.2
924,S1924,17,Other,2.7,2.3
925,S1925,19,Other,1.7,2.9
926,S1926,21,Male,2.7,2.4
927,S1927,20,Female,3.3,4.0
928,S1928,22,Female,2.8,0.2
929,S1929,17,Female,5.7,2.7
930,S1930,23,Male,4.0,0.3
931,S1931,20,Female,4.0,3.4
932,S1932,17,Female,4.4,2.4
933,S1933,17,Female,1.8,3.0
934,S1934,24,Male,5.1,1.5
935,S1935,17,Male,3.4,4.0
936,S1936,22,Male,4.5,3.8
937,S1937,21,Female,1.9,3.2
938,S1938,22,Male,1.2,2.3
939,S1939,18,Female,4.7,3.2
940,S1940,20,Other,4.1,1.7
941,S1941,21,Male,2.1,3.5
942,S1942,24,Female,2.2,4.5
943,S1943,21,Male,5.2,3.8
944,S1944,21,Female,1.7,1.6
945,S1945,23,Male,6.0,2.9
946,S1946,21,Female,2.1,0.9
947,S1947,24,Female,4.5,3.2
948,S1948,22,Female,3.0,3.0
949,S1949,21,Female,4.4,0.3
950,S1950,19,Female,2.7,1.1
951,S1951,20,Female,3.3,2.2
952,S1952,21,Female,3.6,2.1
953,S1953,20,Female,2.0,1.0
954,S1954,19,Male,4.6,3.0
955,S1955,19,Female,2.7,2.8
956,S1956,20,Female,3.2,2.3
957,S1957,17,Female,2.0,1.6
958,S1958,18,Male,0.0,3.8
959,S1959,23,Female,3.2,4.5
960,S1960,17,Male,7.1,1.9
961,S1961,17,Female,4.7,1.8
962,S1962,22,Male,3.5,3.1
963,S1963,23,Female,3.1,2.1
964,S1964,23,Other,3.5,2.3
965,S1965,17,Male,4.3,3.4
966,S1966,21,Other,1.7,0.2
967,S1967,22,Male,5.2,4.1
968,S1968,22,Female,4.6,2.6
969,S1969,19,Female,4.6,2.0
970,S1970,24,Female,4.2,2.4
971,S1971,23,Female,3.5,2.5
972,S1972,17,Female,4.5,0.4
973,S1973,19,Male,4.4,4.3
974,S1974,20,Male,3.0,2.5
975,S1975,18,Female,2.6,3.0
976,S1976,24,Female,3.7,3.6
977,S1977,24,Female,5.8,1.3
978,S1978,24,Female,1.6,3.1
979,S1979,22,Male,1.3,2.2
980,S1980,20,Female,3.7,3.5
981,S1981,24,Male,3.6,0.0
982,S1982,20,Female,3.8,2.4
983,S1983,21,Male,3.9,1.8
984,S1984,24,Male,3.2,3.0
985,S1985,18,Male,5.7,3.1
986,S1986,20,Male,1.1,1.7
987,S1987,20,Female,2.3,1.6
988,S1988,18,Male,3.3,2.4
989,S1989,24,Male,1.0,1.4
990,S1990,18,Male,3.2,3.5
991,S1991,20,Male,6.0,2.1
992,S1992,18,Male,3.5,0.0
993,S1993,20,Male,3.8,2.1
994,S1994,20,Female,1.6,1.3
995,S1995,21,Female,2.6,0.5
996,S1996,17,Female,2.9,1.0
997,S1997,20,Male,3.0,2.6
998,S1998,24,Male,5.4,4.1
999,S1999,19,Female,4.3,2.9
